"Emp ID,Name Prefix,First Name,Middle Initial,Last Name,Gender,E Mail,Date of Birth,Date of Joining,Salary
"
"Employee: 17755, Mrs., Merri, U, Mullens, F, merri.mullens@gmail.com, 1963-02-24, 2005-03-25, 126476, false
"
"Employee: 27881, Hon., Homer, K, Ramon, M, homer.ramon@gmail.com, 1994-04-07, 2017-03-15, 198321, false
"
"Employee: 34716, Mr., Neville, O, Griffis, M, neville.griffis@gmail.com, 1991-07-05, 2013-12-03, 159457, false
"
"Employee: 40983, Mr., Kelley, O, Nice, M, kelley.nice@gmail.com, 1982-01-05, 2007-11-28, 47303, false
"
"Employee: 61047, Ms., Stephen, Q, Laing, F, stephen.laing@gmail.com, 1979-03-03, 2008-09-12, 104827, false
"
